test_frame_mse_step,test_frame_mae_step,step
0.39911460876464844,0.3415638208389282,0
0.4426578879356384,0.42680761218070984,1
0.3176749050617218,0.2194124311208725,2
